<?xml version="1.0" encoding="UTF-8"?>
<!DOCTYPE xml>
<configuration>

	<appender name="STDOUT"
		class="ch.qos.logback.core.ConsoleAppender">
		<!-- encoders are assigned the type ch.qos.logback.classic.encoder.PatternLayoutEncoder 
			by default -->
		<encoder>
			<pattern>%d{dd/MM/yyyy HH:mm:ss.SSS} [%-20.20thread] %-5level %-25.25logger{25} - %msg%n</pattern>
		</encoder>
	</appender>

	<appender name="FILE"
		class="ch.qos.logback.core.rolling.RollingFileAppender">
		<file>${catalina.home}/logs/webapp.log</file>
		<rollingPolicy
			class="ch.qos.logback.core.rolling.SizeAndTimeBasedRollingPolicy">
			<!-- daily rollover -->
			<fileNamePattern>${catalina.home}/logs/webapp.%d{yyyy-MM-dd}.%i.log</fileNamePattern>
			<!-- each file should be at most 20MB, keep 90 days worth of history, but at most 20GB -->
			<maxFileSize>20MB</maxFileSize>    
       		<maxHistory>90</maxHistory>
      		<totalSizeCap>20GB</totalSizeCap>
		</rollingPolicy>
		<encoder>
			<pattern>%d{dd/MM/yyyy HH:mm:ss.SSS} [%thread] %-5level %logger{36} -
				%msg%n</pattern>
		</encoder>
	</appender>

	<logger name="org.displaytag" level="WARN" />
	<logger name="org.hibernate" level="WARN" />
	<logger name="org.springframework" level="WARN" />
	<logger name="org.springframework.web" level="DEBUG" />
	<logger name="org.zalando.logbook" level="TRACE" />
	<logger name="org.springframework.web.filter.CommonsRequestLoggingFilter" level="DEBUG" />
	<logger name="org.apache.http" level="DEBUG" />
	<root level="info">
		<appender-ref ref="STDOUT" />
		<appender-ref ref="FILE" />
	</root>
</configuration>